simulation_index,reward
0,-3.703865018463342
1,-3.6592781264333665
2,-3.668642567255511
3,-3.6875464238064866
4,-3.558445867356233
5,-3.5590506424332884
6,-3.6479775098405227
7,-3.594739723587984
8,-3.652464127977393
9,-3.591945467285126
10,-3.665980470192292
11,-3.6705111827263943
12,-3.64190486211725
13,-3.6141562044382427
14,-3.4595479043096047
15,-3.6497901419711267
16,-3.6224144831150085
17,-3.636386072295075
18,-3.546388689084339
19,-3.6470592651954132
20,-3.6495656058416603
21,-3.5622620941939216
22,-3.628205401468722
23,-3.672021251534682
24,-3.6765225901323357
25,-3.7018428265769785
26,-3.687683881758988
27,-3.660341027219393
28,-3.639110749074275
29,-3.618819708737095
30,-3.6757829475357067
31,-3.6289142162960775
32,-3.671530271724848
33,-3.6757630873104015
34,-3.6577764878803096
35,-3.6219700265340222
36,-3.460274172930134
37,-3.642444927924201
38,-3.615678323972316
39,-3.648287593269557
40,-3.7213924972971335
41,-3.6445589348683245
42,-3.6293336089024635
43,-0.7376730840722847
44,-3.6331163162002533
45,-3.660985284882348
46,-3.6477555379721553
47,-3.6430850015513254
48,-3.453756698232342
49,-3.660997296503125
50,-3.6675371562654218
51,-3.6045301017545412
52,-3.6078229081522313
53,-3.6651242803384356
54,-3.628674287988989
55,-3.5349347968999085
56,-3.648439683397134
57,-3.6630006178578167
58,-3.5850121786424087
59,-3.6295899756126184
60,-3.6502936139649425
61,-3.657115837610181
62,-3.625253353098657
63,-3.5471220357984135
64,-3.5287182891122715
65,-3.6420777458171205
66,-3.6617023278543535
67,-3.593876526699283
68,-3.6345040919410825
69,-3.651616586367848
70,-3.6299409366494606
71,-3.381497829538773
72,-3.5860360985715545
73,-3.323771900753826
74,-3.636429739125668
75,-3.6394623923443903
76,-3.634097251928389
77,-3.6269959403825895
78,-3.6516278875912493
79,-3.6803374480853392
80,-3.653588181477007
81,-3.646823156980732
82,-3.614070702726733
83,-3.6414641898212525
84,-3.662507260480038
85,-3.6762114987960186
86,-3.649350715180745
87,-3.480150204367326
88,-3.6038766345039717
89,-3.484097248570915
90,-3.4435702644794057
91,-3.6385221279955564
92,-3.6282143427849944
93,-3.564856536488054
94,-3.585504020475534
95,-3.667136630325029
