CC1,CC2,CFF1,IB1,IB2,IB3,IB4,IB5,IB6,IB7,RC2,RF1,RF2,RFF1,RFF2,RS1,RS2,RS3,w_M18_per_finger,l_M18,nf_M18,w_M16_per_finger,l_M16,nf_M16,w_M15_per_finger,l_M15,nf_M15,w_M12_per_finger,l_M12,nf_M12,w_M10_per_finger,l_M10,nf_M10,w_M9_per_finger,l_M9,nf_M9,w_M6_per_finger,l_M6,nf_M6,w_M5_per_finger,l_M5,nf_M5,w_M2_per_finger,l_M2,nf_M2,w_M1_per_finger,l_M1,nf_M1,w_M0_per_finger,l_M0,nf_M0,w_M14_per_finger,l_M14,nf_M14,w_M13_per_finger,l_M13,nf_M13,w_M8_per_finger,l_M8,nf_M8,w_M7_per_finger,l_M7,nf_M7,w_M4_per_finger,l_M4,nf_M4,w_M3_per_finger,l_M3,nf_M3,reward
0.6338587063106377,0.7403369181002744,0.07656098741352468,0.18448383075987485,0.7475046748834433,0.5653745439173794,0.5401303699413871,0.1243807742668358,0.9384336815097883,0.9643361475731804,0.10393030986718654,0.5686677652808096,0.8028949544571801,0.13962758336937686,0.7900333642895667,0.8615805268376896,0.01258513694721819,0.31221825815471294,0.38681474576093233,0.581295318979091,0.5454304638587586,0.4219490526901509,0.17312943765013333,0.35473394293047633,0.8134548113863604,0.6073370538333561,0.34033957414602156,0.768817211236074,0.3096602868642111,0.5324501920187008,0.1488194618525519,0.4381197661993529,0.7576059382993046,0.3351981273234006,0.18006765654781454,0.8810887526100638,0.03970181632630232,0.08749908014063079,0.19777244264939786,0.4122891871337847,0.751222483590183,0.4206152103524794,0.7720873677139864,0.25216615396958864,0.9346934307610779,0.695140876626182,0.9059517846097899,0.3856212657200643,0.9667691430449888,0.9063471268266196,0.5002768664165642,0.8465644801737338,0.6510530709405952,0.3941793548472001,0.28392757435204397,0.463908107323867,0.19963958136950166,0.07134016996029313,0.2434028495495838,0.3631310861858573,0.4677079196385232,0.533875382942137,0.21107391672908293,0.8013025259931283,0.1906430700958831,0.8886135991986451,0.28456437991335704,0.06850317562719532,0.8338146520025926,-3.703865018463342
0.3465108562823025,0.704636522047383,0.2754001951307786,0.3242196836721909,0.1599447976954681,0.7518060277977332,0.625873740594192,0.4202539920721603,0.9100051543488363,0.4987921387485591,0.8788304998233955,0.5107157159893213,0.41550324944690487,0.5452970631495105,0.6541204531390592,0.22046318313769075,0.8098759906127979,0.05069575175401997,0.29837837514739074,0.14373272685148542,0.1126568533916047,0.8721448453635102,0.3999180845892336,0.25663406211503415,0.8250817242426981,0.1529278759132956,0.7933488146532357,0.2167755728257319,0.3641535521425019,0.012597604616198188,0.4384404507774492,0.4968235389347345,0.33129345687429823,0.3830624962454573,0.7813814765670654,0.6588231942633165,0.03436586909611905,0.0643102961037747,0.22886260724485163,0.1373822785727381,0.3147011913073221,0.4888066759220856,0.5507938838344717,0.609799082654166,0.8988777680879841,0.3545345907301003,0.07658479461977152,0.012481587238057257,0.9320451167614894,0.06943062208222517,0.47387675691775033,0.4530361603459355,0.12481890171525845,0.6889207773657201,0.06620569970005208,0.4899981339317976,0.017422098893193017,0.38353633034404155,0.1335628765797443,0.7459243380651718,0.981536318339557,0.6788881789670362,0.8976580107443114,0.3076913731566525,0.7299510868105626,0.23980414003476613,0.7924601701023992,0.2646532011113176,0.731782501595702,-3.6592781264333665
0.8478902785716868,0.8205099840092407,0.2953513694277401,0.7187160393633788,0.10794387186068444,0.6891808002268791,0.6410355986556218,0.7231022793203239,0.8801900892949348,0.35245741272771247,0.8204713306582315,0.1460509708833666,0.9911523914580653,0.6784612140830142,0.9568677636133617,0.29892712330255666,0.18720238259669886,0.0913773552823931,0.6524759848442125,0.4651131659473764,0.3756721707285454,0.6396490296101938,0.25876090864661794,0.6577410963409035,0.5856244170133135,0.15272713038510544,0.6054721132021447,0.09448072021966747,0.360696097387866,0.8926357023322709,0.16936969325658424,0.5850935405482824,0.2837187306200626,0.8532398534586924,0.947043831704305,0.1454775787038386,0.3527852729565625,0.40426182445165604,0.2706674002587982,0.31641711989858246,0.6928221909120497,0.28784150884868365,0.5713422211790279,0.5236646458810404,0.7181395981879621,0.6415451157513603,0.3961891700761775,0.022624665722218662,0.8672996276096635,0.10610275105895162,0.7749870040831656,0.6420211013609246,0.22389799089217133,0.32485332195782557,0.6204351357403748,0.6798041941404946,0.3422231303253249,0.6687208628236347,0.7614918375295754,0.018885283685217913,0.4778990901322645,0.9579384976695439,0.4618873439898711,0.4131994171604776,0.04829339321546744,0.4042056382414805,0.08278378957929888,0.292531362719766,0.6485700491962458,-3.668642567255511
0.7150754864185181,0.9966874868364072,0.4037454899720936,0.9117448859158592,0.42617100468843505,0.5008371211671012,0.06745615621194745,0.5301264621233837,0.8617894308762313,0.7381984017402955,0.33616647202061867,0.08463537189371617,0.6806577384080036,0.4850290116753049,0.30481317981407574,0.43367498818341443,0.5716482501851595,0.28174271047239974,0.8937781908563539,0.11205266478087061,0.26320025797249624,0.6392746034466126,0.8578500372852705,0.8523649416617808,0.3636101411923388,0.767004534680785,0.3168265886420706,0.580940508652565,0.2253602420445463,0.29201896310085396,0.8377841158581492,0.9702840994115489,0.9220740562423935,0.16351078776470063,0.376517258941793,0.7414759751890715,0.44414348704248974,0.6791174023578962,0.6113249486543182,0.5850552961817567,0.8627056716019514,0.6048550537298183,0.038496630984771296,0.333849903130214,0.12671478986608908,0.1491609936957794,0.11893877517309592,0.35227465521596735,0.8027244575975435,0.3547349773607126,0.5392891834561049,0.0065582089920621645,0.20769580717835345,0.9453531322988442,0.4525045635462409,0.25183370952207973,0.8547171030499209,0.34447457737756737,0.8690677707133269,0.34143896886908265,0.5144416677336618,0.022204491418642225,0.6800248772284555,0.3465149419269572,0.7605443368463415,0.29281801239280025,0.9521897071249011,0.7400520329749598,0.7200932597595746,-3.6875464238064866
0.3746648668810951,0.4219423888639887,0.11285533542253467,0.9108666434218474,0.5546989496954231,0.320958372349203,0.791362952194139,0.21832954816018257,0.5721775502826456,0.4078542902803395,0.37802960066625035,0.10708047308639213,0.6092549710830133,0.7667649679981532,0.982734297717163,0.31280650000555166,0.8503877524152694,0.06389453357422792,0.14724874135978872,0.10696190882641687,0.3264069941715936,0.6800899479608951,0.6518802664457175,0.5562010242188763,0.7076822558072584,0.3131090306735922,0.9159704250784649,0.913817033110037,0.8665460349823263,0.5044113545079628,0.3300354152959165,0.8643585923450129,0.8263128647325272,0.06519171327738593,0.7136775052347443,0.34104782216866314,0.9810045636716747,0.8970970075960155,0.13915485289060014,0.6330743024233199,0.2620223731099647,0.9984519797545695,0.18417036843232026,0.5367590713476773,0.9187792235206543,0.751708790429796,0.31908261310893415,0.7751863910607614,0.4197233026677626,0.2836163027436581,0.24400543422461562,0.51284284903724,0.4487176838702157,0.4477446475903626,0.3129391514310146,0.48762546305615606,0.2256515855556881,0.5305394424187928,0.3286857458460576,0.1666605262642329,0.028774409749232954,0.5211568861043251,0.4697164426324042,0.1528899185188578,0.9149430753125202,0.2110147789732657,0.3903602147565677,0.8587305154075634,0.2554573479746507,-3.558445867356233
0.558480333548128,0.5698545617582162,0.2779195599669284,0.35791459584326746,0.053172490858479526,0.0652713937211914,0.9405376352566609,0.8048806051514591,0.31941128328679247,0.048029462722820604,0.2268392154496116,0.977503689089302,0.472232518550161,0.8587100573597989,0.5342873794259635,0.6377273590964007,0.8141644057050602,0.6485264493274691,0.19932431057470124,0.9674197529007802,0.75713908005036,0.9675035579167693,0.9575374140331009,0.49003438459177406,0.5832112753096826,0.7828192818665565,0.5912316186444666,0.4443248430115455,0.6832580766611438,0.2774227463667861,0.5470311785859998,0.5395981134077346,0.08882424498963237,0.8679941433321916,0.6594302265023894,0.7001543241281648,0.7681720404803258,0.2426979328295341,0.8281363481915697,0.504160033386569,0.3142492238140413,0.3028570868545952,0.2320774366774334,0.6814573037033441,0.0696398141504303,0.144729348661076,0.11027882308343429,0.9851986597875387,0.8463634926567521,0.2907347996999564,0.5437487129812552,0.10164134026523763,0.4104741733210404,0.7373117883520275,0.3066986452195736,0.6903180176921533,0.9376706497444018,0.8607172791536999,0.3865465979825413,0.872473296821036,0.663384743859719,0.6220280756050264,0.23447391972843867,0.017031518423891057,0.29514899923839966,0.9635307814895196,0.9955925795020776,0.35125125856822703,0.9465097881416701,-3.5590506424332884
0.7258775923533916,0.7863214545966588,0.6008957272852854,0.19553166611771822,0.28713538255102666,0.23605565375608495,0.25739701544034543,0.11897427948908923,0.7247415121508916,0.2633917806507642,0.25151647441372127,0.11013074286322455,0.938000451998027,0.7681124167653955,0.8736122432022891,0.5137529189529404,0.13619777059618976,0.03510740101904297,0.9452569497522018,0.27526501729637365,0.8667940359994152,0.13242740385857033,0.5840598444818703,0.7380797141289489,0.16474379110664172,0.0007787151983312812,0.6523818671007954,0.09883988575665292,0.31355017140079855,0.348026008004235,0.3833901326102497,0.2502777052202131,0.5850309173247816,0.5070963844145673,0.5510316131461476,0.304649719539554,0.6691438291149349,0.49610566721762805,0.31469017126156906,0.34147167768707776,0.9822003888614894,0.8854238831833477,0.38495805421135165,0.25173611789941963,0.3784937298079256,0.8126205832571437,0.9637477063746229,0.39674426205229574,0.5967078486848113,0.4996440458506972,0.6920134738733594,0.979098715244298,0.09014482992035278,0.6679839823303426,0.3927238344360142,0.9801430435740923,0.795211056831846,0.7503023432598435,0.3309122379361069,0.21590839266510464,0.25866000309485726,0.9698606580413861,0.6796183880399556,0.05782488847760614,0.540132763121136,0.15109485952221158,0.5394877151142929,0.39002637736244306,0.95849967757906,-3.6479775098405227
0.8920775728041276,0.3210354432514395,0.5592133943227374,0.8847902527395618,0.39643702903171774,0.7268731934642141,0.08387038399100144,0.37751680055245596,0.5088121351223925,0.003357906431047053,0.30780276808533,0.5183341617611604,0.49393562284787274,0.4669562726461065,0.48973610172653836,0.2973913728523877,0.0015828885511035562,0.9119138128781555,0.5400835473747364,0.06882789424775859,0.052800056332081735,0.534171173488161,0.8607579775702017,0.9614046886640331,0.23351274274834244,0.28110520161074426,0.6255726969744922,0.9395954985232435,0.18141172225577085,0.4475474765944095,0.8029411693378815,0.23472320859140838,0.957423766266019,0.10839763220443399,0.3829221781257758,0.3528945169627872,0.8225680172166011,0.9828094236624431,0.9205506314860901,0.654072288861621,0.6880514174985591,0.8646390368495088,0.2557325231500479,0.17525566613339927,0.3874083599888437,0.8752466820966551,0.13486824892127447,0.5004270776888312,0.6497897323107189,0.15271304699766908,0.6576902179340518,0.49391278696814145,0.8685234242980471,0.7677747385175838,0.8104492633897012,0.8703617361843796,0.700678106657482,0.25565936724361304,0.12452716948071763,0.8103164601871528,0.8397541045281474,0.48708289169152996,0.08567247456161042,0.8150229097438034,0.03285889296253708,0.230161821336046,0.1705974169423321,0.6231694290798616,0.35396555290516296,-3.594739723587984
0.7179486465184018,0.47561876066237097,0.1463659560634314,0.5347949606384267,0.9999637039142653,0.44068745675779586,0.061139269308332356,0.027754042101852616,0.0784676295590453,0.2904582427365502,0.3728380536663152,0.623999821659228,0.457905540595161,0.2803925658132901,0.4804330494044836,0.9197606209571785,0.8010665770162644,0.0873153987992461,0.1462301156651441,0.4921709001216765,0.8232530685635757,0.03286474659935046,0.22912638339765035,0.6718206190524274,0.8209339940539295,0.6324342519313009,0.45512182951405544,0.3564754297018665,0.16667371576129975,0.9216852299020847,0.49168163602464154,0.816644074810892,0.17992188600992343,0.40129122799293837,0.3279874079801024,0.8477555992178124,0.7327468441504108,0.2159806238079246,0.6813367470452651,0.7491365922488545,0.2840599042287304,0.7654090392465176,0.5205414782607469,0.8525033187525858,0.31399105655155435,0.19491521837332793,0.9068247824414596,0.948564047962072,0.8066700651960924,0.6776567156996558,0.2080432231145597,0.3982249447508146,0.6006884665238018,0.7022843880182492,0.5102650914819141,0.17276572829586767,0.3423640763188258,0.7240388470147407,0.8956656981529965,0.4646781701765369,0.6065913565755539,0.2858385917955989,0.854706755037159,0.40814973470152793,0.5548745546842523,0.5923892206082108,0.3730326474160871,0.3901523115750378,0.9985027236408371,-3.652464127977393
0.22943700533111133,0.05689425299970674,0.7643342667643779,0.04950940413922578,0.0745277286405488,0.06566012630797557,0.7381854288951923,0.328260067252086,0.7109734110196643,0.590313458279267,0.5484960724764221,0.8566429603871242,0.29866098603038127,0.964722975417496,0.986567097283591,0.2150055535754377,0.01925471544879198,0.6722266253881166,0.6308531916562887,0.12191619728908953,0.49810680505585314,0.00478822101294496,0.8311055264485402,0.05426993216321896,0.3912034305857912,0.9062836528693478,0.9222841676841685,0.7013776424181708,0.34383128091209814,0.6328702991884894,0.3049830853049845,0.022177628729157628,0.3439202848721835,0.83578087247618,0.8186931248401981,0.8593658164128035,0.6251462110740099,0.13216125814314617,0.03469161709251867,0.24906624762108365,0.6280287482251246,0.7167865658342905,0.17710278964449666,0.7266926769476436,0.761210576605752,0.5643742797133031,0.33340516014959365,0.9463353228606399,0.7463254447039498,0.07023851733737063,0.89441905034078,0.09601881392139022,0.8617025959938293,0.3196290057977029,0.8076246248213836,0.08911366738302129,0.7823640337901324,0.2515206555432091,0.11532515623861672,0.74017766515147,0.30472133024342907,0.8242259494674856,0.5524529198322292,0.2295048066564963,0.953069698669302,0.04579636948615329,0.04521440606236693,0.892164376164051,0.4577971085080982,-3.591945467285126
0.5943618146994448,0.6126575964871636,0.9826404641991939,0.0713107226171924,0.9181480885541228,0.2268457620552845,0.5429063960632831,0.6880786772230861,0.1125746647568453,0.5152191594684782,0.25873254862669737,0.5346429585195005,0.5424119055440912,0.7031274601593617,0.5826559302598429,0.8338781334075448,0.36381092366193746,0.05863837699421959,0.9047843127328499,0.106267066967075,0.35565002553287106,0.1623016706749757,0.763169175642262,0.42028466465556147,0.17416634917423146,0.014676146433293846,0.6177182720563803,0.7924807462963099,0.7046769084772476,0.9921588698499048,0.7800463095354492,0.9238570534272877,0.3057007351592508,0.2251521112081618,0.8388907797171086,0.6450408085583608,0.10789599678381423,0.2995483429897059,0.8363631621950509,0.452900235618653,0.72211548581213,0.15639519982993388,0.5118466658230197,0.8223245306901033,0.8817928375788622,0.4589597088541877,0.677950365602069,0.8035069157997412,0.0869239578579194,0.6577979111425918,0.7875958107029283,0.03796885532611882,0.8582312613876796,0.3430500930156841,0.22889639581255694,0.0633061627749748,0.34019570006740507,0.7221798731274179,0.9826134857783835,0.4328992644236406,0.6134023566783726,0.22325822691018615,0.7377312738873733,0.1390972298493911,0.5082839029839443,0.4141154816459707,0.9447301320262761,0.3952274662439461,0.4047552703405183,-3.665980470192292
0.8968086773171825,0.5411363899569995,0.799181235529542,0.9885860753032853,0.9556309967035639,0.43184451395681056,0.5264440392988079,0.22292794060957033,0.4910863357571108,0.22553418146066118,0.4505402950078816,0.39643152241320734,0.4683716464041622,0.7806853589686027,0.8167698137067427,0.17711352537063407,0.7807972806983647,0.1861043585906027,0.8504122614350027,0.22197833528940358,0.6307530818579975,0.8315913759512472,0.9135443058465904,0.15993809675195814,0.02642034310940511,0.4758347176286062,0.5867368149985561,0.20509940457767162,0.8683166734819114,0.4488794374280821,0.22313688260429865,0.16424901958577642,0.433375232163119,0.17655181747481097,0.048272751201253405,0.5955548029137175,0.6409943525730765,0.6261401454767132,0.5288795695164792,0.5222694588186133,0.7087361100175938,0.34022725601145065,0.9580125728091748,0.09005258534369176,0.3070614245478104,0.7501048288456995,0.47953278135198707,0.5531510979519991,0.3307994990719533,0.7701932240593644,0.488149149644982,0.5234868310576481,0.48200598674869055,0.6113079704770117,0.10675353734006576,0.3115545787351981,0.6683114932411913,0.45303567313975623,0.5828917430303767,0.8952322335485327,0.14066584429902074,0.2580990298587015,0.2026055617091801,0.2728212196346923,0.9387985393281019,0.4351408909058938,0.3368906290732371,0.7130369364298567,0.7325120089830145,-3.6705111827263943
0.8360503416036529,0.17536044929363648,0.28208946427120307,0.10674184951273025,0.15575709604953258,0.21883037235624636,0.7800762681366966,0.21694604641936766,0.19699882878490493,0.44355323579257,0.09128548721998264,0.4206750114819826,0.47618324460929584,0.9643547618967854,0.8313714741715909,0.1814010638922473,0.953331166030432,0.3329812686130421,0.2943372964849935,0.5708520478127647,0.259727587850735,0.28953971752896523,0.43643969009972294,0.8263544178732805,0.1913866295193678,0.709648224690249,0.056040119774084296,0.2890414241936591,0.1713689351364981,0.25676818296256854,0.24648722967362502,0.8988575264541172,0.6091487289435595,0.3228013999747882,0.20723508028687954,0.4597573387701138,0.8753068819249554,0.1016724840651636,0.11856332213288179,0.49815936758980317,0.7513568702990044,0.9737236241547806,0.6486565448019453,0.18668031411077224,0.09136970193173599,0.27235818682568125,0.25477933766126404,0.7582431193466118,0.6246204021938064,0.1916327923655693,0.14368543980439608,0.02800419803975851,0.6787588881542488,0.7069867437271055,0.2834663940350113,0.4917701267165733,0.14982456589043958,0.03726581541797769,0.6827220474786221,0.03520214533534172,0.22350836023894016,0.4093064648647924,0.12667246381932196,0.6555558709901461,0.09004325916023748,0.4603689918768974,0.9112700260074126,0.09790651744735024,0.6543399583249602,-3.64190486211725
0.9464914560121236,0.2672999567070212,0.8805445345261683,0.5160836250957207,0.37033387417953456,0.0012037449299087122,0.6342314105007731,0.2818748149421373,0.5713412784724639,0.960962027117415,0.12611239352828074,0.7297411975512347,0.11333679448533585,0.6474478205144222,0.4568760544455571,0.9961486416649279,0.7848507024078489,0.4054930228036885,0.7047788461429839,0.9840633669627856,0.0700179236998697,0.10241984678390892,0.6206827113187058,0.7431658739944619,0.964483615460172,0.141678821888638,0.4040591544613953,0.037485555824758765,0.013461467106473446,0.6564804430758762,0.9544029502788657,0.9129834527625506,0.8312494914710442,0.5283827212846866,0.8247212768714225,0.28320650225854604,0.21455786814585898,0.4651960843309517,0.3790488665994285,0.09917835461279934,0.03254346026393573,0.710200408734776,0.8071861075272452,0.6557442152988504,0.710215162203706,0.8524396270983757,0.2463753036927233,0.31113512486628614,0.28550086545573583,0.08708331387285029,0.9853093870725442,0.8092991519508508,0.3165764278857295,0.968782007680536,0.6303215396356986,0.45699077583815073,0.9774404523584049,0.35181802000680895,0.6896274828203511,0.024242772956752145,0.5574440818879096,0.9721216034731143,0.23169968941258978,0.7206288827034661,0.027058161206819697,0.6460530994220183,0.5839850529014866,0.2930951317607997,0.5771286477649851,-3.6141562044382427
0.8217625068795166,0.5700151398818228,0.6765488334722054,0.8625589959708505,0.19072379962020236,0.5393296955428745,0.14823842576359103,0.5686231324279343,0.1766540927959206,0.40226366510672207,0.050217648146152594,0.020793275822121426,0.08518473797900528,0.9166498320784425,0.9139115789705516,0.637473648401595,0.8468722275342315,0.8908657835027213,0.012214462995118525,0.2220377565309608,0.25458622391420627,0.8064400611439343,0.5685162392156353,0.42544345981868104,0.5997770714883416,0.9643901869234159,0.15242230028941373,0.9129683985319124,0.661130622227016,0.9337078012911583,0.3999648552824595,0.1533103239999194,0.39355799457126395,0.21217746311017416,0.9919374942657341,0.8737987434890457,0.7582988425663865,0.4281773347615,0.6490652497536457,0.7985557409232082,0.19362720445596437,0.2473290898637247,0.42801352572420337,0.32379776633226265,0.8876622806601012,0.41753676246863525,0.988826812356283,0.35369993939099187,0.20258217536446943,0.1386665944129536,0.6874165129124177,0.8768296462025329,0.14278388302530254,0.42078380228152146,0.599137242302786,0.05765480722104599,0.11780114641931316,0.9360814111492455,0.805887908678403,0.8954926341473098,0.16177578684097726,0.3821215547136203,0.12679810969160998,0.8543565216919916,0.04802116503284781,0.562531943202029,0.21233437237299924,0.3361896552467998,0.7039105003030874,-3.4595479043096047
0.8970849749108712,0.33054437740925735,0.15361051951889448,0.3422147456046307,0.5463826951263461,0.42400244217618377,0.3996772041039407,0.06880241427163603,0.6283480800106931,0.20898163141621662,0.8901148817668982,0.07529086864983392,0.7718384860603479,0.15015513678292935,0.08794606309961761,0.7197459551848496,0.12404213709577583,0.035208566922528495,0.66368714499483,0.927871924320302,0.43784793267523414,0.4613621363523097,0.14702305426593953,0.9191838367615599,0.7141745059970573,0.2551252448676471,0.6911145375101783,0.22017465196600083,0.8386333798694839,0.8124694081367069,0.5920551313480359,0.7376510770018538,0.6571790908061463,0.4388812496989519,0.788775482191746,0.5541369517107484,0.9775203353583629,0.473292769735437,0.3280930593030583,0.610861464660893,0.7276268724300912,0.7700515730190902,0.7848389796048989,0.41610365437165175,0.1214834698198265,0.7954093318175603,0.20344186785781637,0.264404084926512,0.7862693849471543,0.876563070525003,0.6838382864586323,0.7874928576460244,0.8716012358247229,0.8886602581209854,0.579125456100771,0.5015287125895654,0.7284312916367146,0.510900564124007,0.38108179064939474,0.5257238477588438,0.7743278289424479,0.908176708876727,0.5055841543475885,0.05642540535361806,0.785841809615492,0.9795616347273588,0.38716733672149506,0.17329824945468686,0.7296020443660832,-3.6497901419711267
0.8851814832711136,0.9966651448289016,0.49766557874841166,0.26556156306874734,0.47578839678405116,0.46578884554803324,0.8224320794649911,0.3075137435855416,0.8526776968014557,0.006931376172430448,0.6971174084565632,0.22311451602850685,0.2368623148912472,0.21441169811244354,0.6728472148551063,0.5119923850166198,0.7051677486047507,0.06684866871477535,0.6175064759489798,0.22132491957785294,0.7293461675063676,0.490984558925053,0.49982756789236016,0.10698576155947981,0.16427337569936962,0.7006644994006828,0.89312267634836,0.21940404844240613,0.6828510745332184,0.28278561190537055,0.706888503156806,0.20602286753344112,0.4352080285214657,0.4157745184634435,0.14650662956114058,0.7157468312307922,0.7603872987213142,0.5684106090630872,0.12106566799422525,0.15205626723578525,0.37172900192714087,0.9839875540467864,0.363219327990718,0.14186272905143538,0.22841145409176755,0.31074757607880155,0.044830075898038446,0.3697308218086772,0.22948585643134378,0.06278747666151607,0.17703385730936383,0.8855861378179657,0.27467963951371754,0.2171575677578178,0.5471383939184555,0.641028661005643,0.2779878141495199,0.0671775529795472,0.22434436828897097,0.6989796448383374,0.6431294208247256,0.49552885071013786,0.9966767345306649,0.07292827528305146,0.3339573887124392,0.18012035317962605,0.6534731738316598,0.7883615134404279,0.3619468645583227,-3.6224144831150085
0.09548599954718551,0.7190007580744353,0.36752054587004834,0.4980770584182045,0.5219921014645175,0.842636109589697,0.7996691339627542,0.5179391602872123,0.8419493189733372,0.5246483153916784,0.5439709068339244,0.2846504162214447,0.6874374997667677,0.05946258784033165,0.7151668192587916,0.04231258006864258,0.5935373721381724,0.00227177004422241,0.963190062231566,0.20938984927900495,0.013213948300352052,0.3236328414686056,0.5832196682268503,0.68010490201302,0.9411259321295743,0.944133923585366,0.24236863080934035,0.5011297431381923,0.5793713048026639,0.20888026122489856,0.6618192226161983,0.23805680266098606,0.13173794921182325,0.309162800133598,0.38273212183959604,0.3213052091161225,0.2029574815861358,0.9416004254440163,0.3432488931984339,0.4103393601829828,0.010693513919850406,0.3687534895209723,0.7933321316483137,0.9623733563011423,0.9127563291432843,0.8927221352153106,0.04769184591300524,0.01704520796171316,0.5931878330195491,0.4905251778614469,0.06099656781232177,0.8035929942434848,0.30773006305748274,0.5950117939007441,0.03672478365150167,0.12421074211989502,0.03434177536614624,0.44850547492727655,0.8587867573625171,0.9867152232100048,0.2593095717790075,0.1479286078734755,0.7318159412745792,0.28841427704936085,0.279184805984552,0.43002790877468144,0.2407287934001755,0.25776260213437396,0.9727106387029841,-3.636386072295075
0.7865266741283141,0.5868521472099885,0.9217146662281922,0.4276510046171581,0.0895413908682483,0.32211377945526276,0.7640001819851799,0.6124437377092128,0.7284336278857975,0.12071128350005211,0.5399253290927731,0.1164285720789967,0.959897686765503,0.25472170019902374,0.06987206442580385,0.791002629102849,0.44170561368722194,0.6204395063752296,0.8852316071751328,0.38591482994751813,0.29904629322724485,0.2767966945503715,0.1826166936464222,0.6670680561586805,0.3770420160815262,0.05181180154160614,0.7328141307097611,0.40478987065704064,0.9300392110393108,0.3676005420178229,0.032332962451562364,0.9796487733438333,0.13749362464824044,0.6942007381513327,0.8005997659639298,0.9623975353747309,0.2624932023717542,0.3052253640565883,0.4926673499149359,0.7637905906316579,0.6572845331234868,0.7016883301129037,0.5363413695843068,0.9789042292762846,0.17181356368564638,0.948663963053662,0.49019609206260906,0.8243027186518801,0.7616443657718089,0.7177499013760396,0.06593013410975812,0.44206656313598724,0.8008581126491658,0.060258959685101754,0.23100591800044612,0.9143520322361939,0.49802601757535414,0.20352516776657126,0.9680992029431658,0.5425079833002862,0.598219702811583,0.9055881211973736,0.4766509167115488,0.3797089262646739,0.6594975445933249,0.34482023228975134,0.8743697452052908,0.6515744479976836,0.9650951753418568,-3.546388689084339
0.5434617068272252,0.32410668755325855,0.013210537081217333,0.3554707021439496,0.8166228621110567,0.49507118407352424,0.4306742956572601,0.9155318585803583,0.6451270873213023,0.7102555821826408,0.6950947931470947,0.2766633591600288,0.4172698605395424,0.7609280785824348,0.2985850423690404,0.3573130442688829,0.2472392225630773,0.8289912245687777,0.7338649806043521,0.014944685321171436,0.7740967564482076,0.4157309668363077,0.2578077663169739,0.9477892158439787,0.292093106002807,0.6712289922678712,0.22657166892191283,0.2603539446253804,0.7207745004222853,0.4590356985176005,0.7268785742397634,0.061101600248536614,0.6611462774833081,0.718142817076259,0.8694408741499436,0.5564630157498571,0.7174604172012802,0.1408596422390196,0.6491158207653182,0.23409218542933885,0.0699753870121348,0.38812971838680055,0.9382734158508631,0.6179222073600715,0.8857294637852011,0.9147649413643909,0.8478348803394115,0.4793591891829816,0.6528744661357326,0.887061677108675,0.29450223240263573,0.45820057768691846,0.6904148247220678,0.38294204458835124,0.7363146716167962,0.8842259693992272,0.8669210677835076,0.7981447119125195,0.2254658541470984,0.15620067946589256,0.23234702830280485,0.22440174985240224,0.40138337975274563,0.018165972687836263,0.8487962507136767,0.0875323397614225,0.9691341394200502,0.9935117486259128,0.22042417133841874,-3.6470592651954132
0.8733158029144793,0.6592277714961882,0.9546626177792108,0.07750837477825201,0.9879570107501678,0.4417350909734482,0.1314405008012256,0.48849736467196225,0.6327233583029068,0.8961257458525033,0.2804948263369811,0.6889091475430814,0.15988254077931052,0.029819104319964818,0.08426592667092703,0.727053775257724,0.1894665621648236,0.070223764702256,0.6834260974999741,0.7324149649133278,0.5870948313220046,0.9752198859831427,0.9413557666663284,0.015082891658411368,0.3746138254401453,0.46011844415834713,0.2899582804194998,0.009404237695553319,0.9658954136645224,0.9962290815636682,0.3211748371477329,0.3746374106421442,0.13036465665149366,0.5964318737140105,0.7249729927317592,0.9568606820882352,0.35514865607277213,0.8348321239887111,0.10625403816581735,0.5216194711685282,0.04188198034765733,0.19715262304018344,0.7399610545304038,0.39078751627442854,0.050881984819528214,0.5007694829441878,0.5420085162386281,0.5482207137264357,0.7683082739937546,0.5193459404719107,0.8328731079933017,0.8670944498659862,0.9497131047226507,0.0795143942068407,0.3670125631959381,0.7245118122441787,0.15572816091713337,0.09794346638210605,0.2159676435466008,0.9526854283281456,0.7412252976676841,0.9196815379798944,0.9670518455808057,0.6744839468348159,0.21779148333418719,0.40199958261611624,0.1119852335577608,0.860118177584308,0.6898442325325893,-3.6495656058416603
0.8952639168153579,0.8412882948167486,0.43958279078086115,0.5525410412052162,0.31900200644237897,0.3866556444916628,0.26617803000642815,0.7196610354805125,0.5544237295990597,0.4012974702942388,0.09875292269124081,0.49384500470636983,0.7177410092779093,0.010501277102447193,0.5017537769311957,0.7846483277346583,0.6790582585511243,0.09182613314739307,0.6901613116012422,0.9647450029918866,0.0913508885563108,0.6212147663843615,0.45704102991664375,0.4373637114841392,0.4826056144195663,0.23792190089904397,0.6741015028397411,0.739035096994384,0.5631687753060324,0.4017993366803645,0.9806400846467144,0.8816499642074561,0.2700403170524066,0.2515722561400212,0.3670946452392534,0.08078027838626423,0.06957680685147438,0.2074332973043329,0.5399793585740916,0.6106283111523354,0.2251298013671521,0.1426419295742536,0.7154417968898811,0.582578577349339,0.13512143581506875,0.2444543780187015,0.8971546172935863,0.3332380014312113,0.8912295180856341,0.17525954419391898,0.8547059143045252,0.4364209491146349,0.805173242243185,0.09030675448758174,0.5430951145275792,0.8810447271965725,0.06588076059515413,0.3188599577014548,0.9972455523617878,0.030386669283154477,0.36373522295812877,0.9455379598160485,0.692600803870217,0.9563289175457276,0.9437355238096039,0.42280498603823746,0.06414769380393393,0.8066822356400122,0.9773985367603488,-3.5622620941939216
0.7717931382369061,0.46424329086904625,0.667039905627277,0.6257386135416967,0.11313124056047896,0.823006223390245,0.590430893300753,0.6959411165323249,0.4940623802486971,0.14984907695669503,0.9393051050336654,0.36028559408906935,0.13100825262028615,0.7565644889624403,0.8968433004501114,0.8949785400709606,0.4831786268546743,0.39339720317765636,0.23073664075991152,0.9391121958425751,0.42952600140614583,0.564012870645172,0.422762212950048,0.4370407812889281,0.418717169554209,0.2291478970563482,0.4429692724879978,0.2575065114628575,0.5721795605805744,0.3801661863263541,0.31213863773041317,0.656582330664174,0.8466970486225068,0.614920335761996,0.2489035129794901,0.7575628339398514,0.721322090320321,0.5199783102077612,0.07998887492246132,0.08008513409925166,0.9667541960875083,0.3859900763976756,0.21021306374274817,0.6230920542995015,0.013988083383488004,0.8357095976667368,0.27996365903202136,0.8877476818156559,0.5660192126599236,0.18202141997545473,0.402078696701226,0.8599037805349248,0.2529426989142475,0.5823691018773985,0.8709674032905476,0.11044555420574564,0.5349013616805925,0.7433250318507753,0.1027516322787142,0.12823231526898504,0.7800522118185398,0.6755253222283722,0.18578228321720724,0.4194747717694636,0.09791822743554046,0.08511559062378304,0.9331359282544757,0.7491305661162236,0.21830670449505352,-3.628205401468722
0.028637155689425264,0.3595889389073169,0.6780975234123923,0.7832780203360344,0.760216702768242,0.7642395316419743,0.44394390167382136,0.45247059281319213,0.14152508778063755,0.8981590656108845,0.8897014652422328,0.5606391834494525,0.16551118256928476,0.11177814260930252,0.06316253930997884,0.5409366308405024,0.9194823378434974,0.9539217404080024,0.8749883185335373,0.261388326412328,0.8534981175602272,0.7879010819193615,0.8050141293481248,0.072619312211061,0.4210311581138906,0.256414860931215,0.2997921880820925,0.9925958277389424,0.5904370175572784,0.6740295785950937,0.0553125562939093,0.7396892769843408,0.17675156470386977,0.0691363377384896,0.8074623724809346,0.29328588837676395,0.4604385358123708,0.09313045953451748,0.20376003284980226,0.00220354411628354,0.8954746687659322,0.7010011470393276,0.9556635493266644,0.5724203083635544,0.6791200495783397,0.6181369263827183,0.7034516645201084,0.902775630037195,0.7591832042692089,0.41658674554427766,0.0065472469445909676,0.3317808397274863,0.4621223393249869,0.8926733242977264,0.20588173831957313,0.5300155597880806,0.14879643169405687,0.637985960595176,0.32821952823504463,0.8393227074256701,0.8786521264817313,0.32080087673428126,0.9320418724838463,0.3161934016035608,0.3296043931228477,0.3197107818653304,0.10320503147230753,0.43635667517434784,0.7871159575286221,-3.672021251534682
0.7335005417035528,0.903926334887477,0.4772850759988907,0.19402221648821516,0.27904519154798724,0.062368065865867295,0.010330441520076783,0.5825881136190878,0.00518477430040698,0.9134837570977183,0.29213868302621704,0.5085416508177182,0.8032586688008742,0.2214127054378885,0.7994334743051525,0.8256363655108776,0.8771695356836388,0.7893586082815004,0.6013411778222608,0.818350593920313,0.7502184993162273,0.1658568086641139,0.9150803855115657,0.8918753189670537,0.6187731165653886,0.29520030782983253,0.33933611959755927,0.5230982392472603,0.6674196548822818,0.5015768013050422,0.6523260392813632,0.03714147955698166,0.6064820968948919,0.36131334859630493,0.003565185497263701,0.6990327081378443,0.8080306908065648,0.5187707103952663,0.46568166634066965,0.07675184281354941,0.7464463731194747,0.7128140183492342,0.7517697857370047,0.2854593026072705,0.7276795896438925,0.153443903807305,0.9789664226879873,0.6474919677577211,0.8579204360826527,0.12176780442236823,0.1055831573476591,0.9276009734450072,0.6536211991920865,0.5955448749659255,0.9114659876253577,0.12916992532299654,0.9354260787142844,0.6064527587530614,0.6631487059150412,0.25887403751694027,0.7802817604601291,0.8424099974598237,0.6610326269454896,0.7993290630383633,0.20064130637578892,0.43900606953685894,0.5197233157139374,0.24867215084975036,0.5912569912881857,-3.6765225901323357
0.5942713971980377,0.5659650197405968,0.7689193908289825,0.4092968496740419,0.08023931634813042,0.9806123668949783,0.7930598567722578,0.5946555738283964,0.6475261042730166,0.8652983812256598,0.0708490414882571,0.29540258188750623,0.21714979489121067,0.7404524671313101,0.019166105426922764,0.8999713944642591,0.4189872887636915,0.10043752124679894,0.08169553340480373,0.8971166660484127,0.7936630298767573,0.6411918261676278,0.004551661530078133,0.2298547217806931,0.8561818716881889,0.6246694610744,0.15331584395797238,0.5455679544001245,0.2979912688738814,0.6599361986366624,0.5970272487051016,0.7805083212580276,0.7772117888963613,0.3817393531132778,0.18446357730945895,0.5827502325524861,0.3442970907425087,0.6152247627988823,0.7682207523847571,0.7583383786773523,0.3795109030300958,0.31374160869393686,0.9328639424482862,0.9113802025361134,0.3268809889971567,0.05658587055881681,0.5963558080655276,0.45368042550555,0.3796812192106994,0.6568238448654049,0.05256143608012653,0.06350045092356105,0.14849166548770298,0.6635101628295929,0.6224369895487158,0.1405059956085325,0.6487593882020646,0.49360251541209943,0.8801542615835819,0.86082367690156,0.1368404296053951,0.739582823729063,0.712515977667527,0.7559097001671413,0.17329274265840444,0.776670069359288,0.7745984639995012,0.29689195877007246,0.6178802227254251,-3.7018428265769785
0.34083024052468236,0.4469922559153592,0.082321048916281,0.6133332052348779,0.20457301800702665,0.47035905323795735,0.4758253417200805,0.5750442618894921,0.28580805506346585,0.6508324208040086,0.5638471427284681,0.7853595325720419,0.43079665744239026,0.04404589997801578,0.34605412158524784,0.8884085628262948,0.7188662168704593,0.49239335908225024,0.9382478023257785,0.05124453349946945,0.6170476889426684,0.43638172901111805,0.15769295383284432,0.49415442792360487,0.7935660210898651,0.24318750287680546,0.08146587794216953,0.9975479115591799,0.8073873532516549,0.332052695840211,0.6886496283639277,0.32195512608892696,0.8847348087556205,0.8861903825985784,0.49919590915717105,0.6644494456585354,0.8234306462160843,0.8266285774611897,0.38569447915865196,0.465701016348119,0.374919532700838,0.2186829779841417,0.9363949226181737,0.42636298423600627,0.06530783961373543,0.548867310898486,0.9913408428756093,0.23589648202324198,0.8001648170744529,0.49176164964156976,0.21725367014779595,0.9243979417703337,0.8000746742935329,0.03920968686143089,0.4973282164110252,0.46998108145073936,0.05394632238664021,0.1667474789323662,0.6678028102737467,0.25596051087265603,0.19805344587872176,0.18593524971370234,0.675240516872218,0.104132024109998,0.7695211424555681,0.9212090155621147,0.5052316916385416,0.7830867699345605,0.48092966582773466,-3.687683881758988
0.013073588248855739,0.06765260217784874,0.8542803716169516,0.46688644437508353,0.7156557685881165,0.4343803756318989,0.05320208385741321,0.18839446161355422,0.5282271392456899,0.8012326325556034,0.921717424774759,0.8660641477400487,0.16056647402865043,0.06312407748297832,0.6638798076608926,0.3059603294911647,0.3741273067260965,0.6966182071243194,0.8551607429268107,0.7074926649055188,0.2081298179269767,0.41616999589726744,0.3037238172300182,0.49406383200219806,0.828381898277223,0.20192609703760267,0.41711311933237993,0.9724509713831412,0.049632312348917296,0.17590601326883493,0.27900020051808994,0.1785458869709663,0.6007444643519666,0.8641539063351433,0.8974662321298607,0.6702150690038491,0.9095571701131236,0.8693624624926127,0.6534083568550171,0.35018981867136967,0.926841795023272,0.2057552633171037,0.6840602261141009,0.4528794133484956,0.8338523289021534,0.6769881876248036,0.9542028143406887,0.479173597263303,0.32545075931020895,0.4823805754089714,0.3712255361842889,0.5225201310329111,0.5538150094981108,0.7546712244375201,0.6048173817795953,0.09918911610700076,0.09368078789764978,0.47566968724561964,0.45660470571635614,0.1661804280645538,0.8201907480726027,0.9501437430886447,0.09979914279008106,0.503265989765159,0.3234051776314263,0.2543239960815905,0.8259619395258981,0.36374231167930604,0.9990328999010641,-3.660341027219393
0.5932714929431107,0.24199134619158846,0.5994159296711505,0.67495465607825,0.7012489188992763,0.5200204756407643,0.04158034120318155,0.8295431036208444,0.40109456607642,0.8180968186183033,0.10796870943100989,0.819703377645079,0.6182831910236016,0.08611104991496854,0.16194516329405317,0.1449310843879057,0.38207529057446177,0.6219014109324302,0.48805176503873304,0.2128657111600143,0.772614029846136,0.3893652057162157,0.5346783481179199,0.21780300818566334,0.34418857305025685,0.2710423790963048,0.7156720666525588,0.5921695438889846,0.3133857058656526,0.14637615417493932,0.6719092857610345,0.5238095846062706,0.31755130394770004,0.24710835032228207,0.3333492337995366,0.10066983675989849,0.40675227980370354,0.19690497753900138,0.9341330936327965,0.45441954498127557,0.8705035466185144,0.1705286284611075,0.07780306540509152,0.0053419231789022525,0.9635790002206304,0.7368938006072675,0.09195614953599052,0.19634077420410856,0.46886872843486915,0.9776664082911307,0.8681942985735172,0.5067007829153126,0.08638961143653567,0.7903783259117729,0.7363313351808165,0.18836142754344365,0.538988336477551,0.2989389817531929,0.9348316257251521,0.17123157309049286,0.325930789279102,0.7199745558519903,0.5952515357987874,0.5183170836965384,0.7175793254206531,0.3952525882792529,0.2019395107853259,0.9715918894707298,0.2080397770090292,-3.639110749074275
0.2439206179795088,0.7378425560634948,0.8799290444220315,0.46891166115110083,0.6946667933345378,0.31366847150271293,0.0009820779918041644,0.4014526219867327,0.26993011865760297,0.16354196028745815,0.5648068969966537,0.05295873700087528,0.2770402049726396,0.1767623337238664,0.04464193330689992,0.11462709089506373,0.008546972007397624,0.25522138736605915,0.3180958867688707,0.2068674867322473,0.5858509384546235,0.2955193906717267,0.6153241095811223,0.520582382418373,0.9497135252103206,0.09828160182440293,0.9549359153612279,0.6868343309873197,0.46335021158981593,0.5844609516708792,0.1658990948303637,0.618965033261078,0.3653909223767836,0.44281011070914766,0.1884179565003985,0.7677014111284677,0.7900344397008225,0.3470581084674009,0.8158470718022419,0.6349411778689151,0.3666264630788144,0.83655017752822,0.18244825728540726,0.8756521242173333,0.13340932635124314,0.5595137409470499,0.948100048825567,0.37710014285270266,0.2711223287402156,0.24204465777223538,0.44828094833336884,0.36263282972294053,0.3914470081158864,0.5943128392770017,0.4621087467954834,0.059368000213010697,0.20478920393003364,0.32720395144446546,0.9197540885960774,0.45792098665898306,0.1884616029583508,0.7961944797190343,0.936110642355935,0.07782821301728349,0.08506712845328879,0.48122406015084584,0.8493690920743557,0.9919870053653245,0.6809786735039146,-3.618819708737095
0.6960607057269869,0.9950929120053306,0.028372015578792653,0.0595702534105903,0.037940254659014405,0.34993588671943454,0.1024700086409891,0.9720296661720725,0.18609458834526305,0.1313217741800855,0.6772180677104915,0.35594478610867053,0.5016510923542112,0.42446664649368226,0.9373580188497713,0.26985441860003356,0.7661229096147361,0.22178320522889827,0.2127431590254809,0.31139756206240155,0.0664298471839434,0.9547913694363825,0.7642160194265673,0.2595126745567582,0.0851425512378875,0.6341345586160998,0.02957496416384875,0.6520118101999168,0.4683867977965117,0.4835723584845478,0.5206355269144657,0.5082777544205211,0.8278940819641616,0.4670601729786895,0.0045240316138034364,0.8434759077839273,0.03186710202576459,0.9489989646040657,0.9027242233716944,0.5053850875203947,0.7225424817241144,0.9047622453167892,0.8612971093454609,0.28615177987339935,0.6333596684483236,0.2541695529683603,0.618488917213262,0.06580465631140497,0.7970801836866803,0.6157647513512303,0.24527942157545712,0.5735510293819813,0.9712252963295935,0.47705466753898707,0.09278221610968007,0.8386145611396316,0.0941324108425996,0.3350597731455429,0.19246838934620947,0.9686256997023877,0.9015361617281032,0.7880518841838168,0.267319723869916,0.8571769709669409,0.10778661028722913,0.8999249121028693,0.40225420452920346,0.4576823672998691,0.9259334583731964,-3.6757829475357067
0.6920447883973571,0.6461894561923192,0.804683680839049,0.3675432888736768,0.6963333277220509,0.8249984406334051,0.14336642926799215,0.2208829343007327,0.09157413773052547,0.5837621609617687,0.5259979384991799,0.23133510202251262,0.9683050254125554,0.4903757369772974,0.20475128107902563,0.20318813274627656,0.19640084424678628,0.3495258774291409,0.3241974543735441,0.8232906379821906,0.8653109194037237,0.23490682482042702,0.128779904100624,0.14872572445138832,0.9643332912913445,0.08870817013084331,0.24300499043125845,0.49392104270309,0.8457186869746907,0.19731175053772598,0.029184051142861156,0.9619901718402712,0.734994265792301,0.5357597227624048,0.8422984408511427,0.06439197726437496,0.621617642285783,0.19775742413231878,0.4766594735372238,0.36740976290894267,0.6728067200798825,0.6048823827934916,0.981276069125269,0.6945915754613359,0.6617958558999482,0.7583659332691005,0.21710271377486334,0.46335320929411317,0.9603010458194139,0.06791926748761956,0.42783285421493933,0.0019823684351447657,0.6719781906583421,0.8870579868216332,0.33924275034553475,0.5566751863066887,0.7015445054239963,0.23034442510787645,0.0348340171321031,0.7859766562588735,0.8409370140776026,0.009981691561705586,0.22458052309555732,0.38286709700446264,0.5028930938581688,0.7323376876433707,0.8635881369150856,0.16064029900497534,0.2599445822330356,-3.6289142162960775
